id,first_name,last_name,email,gender,race
1,Trev,Feldstern,tfeldstern0@is.gd,Male,White
2,Horton,Boynton,hboynton1@deliciousdays.com,Female,Peruvian
3,Tarrah,Ivashinnikov,tivashinnikov2@msu.edu,Female,White
4,Sydney,Harrema,sharrema3@hao123.com,Female,Asian Indian
5,Maisey,Sharplin,msharplin4@hibu.com,Male,White
6,Corinna,Gabala,cgabala5@opensource.org,Female,White
7,Essy,Eilhart,eeilhart6@list-manage.com,Male,White
8,Amerigo,Osbourne,aosbourne7@51.la,Female,Taiwanese
9,Tory,Passo,tpasso8@dagondesign.com,Female,White
10,Dorena,Blindmann,dblindmann9@jimdo.com,Female,Cuban
11,Ky,Martinec,kmartineca@wix.com,Female,White
12,Joelle,Stealey,jstealeyb@smh.com.au,Male,White
13,Jaclin,Yakebovitch,jyakebovitchc@1und1.de,Male,Argentinian
14,Tedda,Molian,tmoliand@google.de,Female,Salvadoran
15,Neils,Moorey,nmooreye@answers.com,Female,White
16,Lazare,Gherardi,lgherardif@last.fm,Male,White
17,Nefen,Scantlebury,nscantleburyg@exblog.jp,Female,Panamanian
18,Charita,Tyce,ctyceh@live.com,Male,Native Hawaiian
19,Coralyn,Haffard,chaffardi@oracle.com,Male,Japanese
20,Pen,Galia,pgaliaj@prnewswire.com,Female,Ottawa